[{"city": "Almaty", "latitude": 43.2220146, "longitude": 76.8512485, "country": "Kazakhstan"}, {"city": "Beijing", "latitude": 39.904211, "longitude": 116.407395, "country": "China"}, {"city": "Busan", "latitude": 35.1795543, "longitude": 129.0756416, "country": "South Korea"}, {"city": "Chiang Mai", "latitude": 18.7060641, "longitude": 98.9817163, "country": "Thailand"}, {"city": "Delhi", "latitude": 28.7040592, "longitude": 77.10249019999999, "country": "India"}, {"city": "Hanoi", "latitude": 21.0277644, "longitude": 105.8341598, "country": "Vietnam"}, {"city": "Isfahan", "latitude": 32.6546275, "longitude": 51.66798259999999, "country": "Iran"}, {"city": "Karachi", "latitude": 24.8614622, "longitude": 67.0099388, "country": "Pakistan"}, {"city": "Kathmandu", "latitude": 27.7172453, "longitude": 85.3239605, "country": "Nepal"}, {"city": "Lhasa", "latitude": 29.652491, "longitude": 91.17210999999999, "country": "China"}, {"city": "Madras", "latitude": 13.0826802, "longitude": 80.2707184, "country": "India"}, {"city": "Norilsk", "latitude": 69.35579, "longitude": 88.18929380000002, "country": "Russia"}, {"city": "Phnom Penh", "latitude": 11.5448729, "longitude": 104.8921668, "country": "Cambodia"}, {"city": "Pyongyang", "latitude": 39.0392193, "longitude": 125.7625241, "country": "North Korea"}, {"city": "Tashkent", "latitude": 41.2994958, "longitude": 69.2400734, "country": "Uzbekistan"}, {"city": "Thimpu", "latitude": 27.4727924, "longitude": 89.6392863, "country": "Bhutan"}, {"city": "Ulannbaatar", "latitude": 47.88639879999999, "longitude": 106.9057439, "country": "Mongolia"}, {"city": "Urumqi", "latitude": 43.825592, "longitude": 87.61684799999999, "country": "China"}, {"city": "Vientiane", "latitude": 17.9757058, "longitude": 102.6331035, "country": "Laos"}, {"city": "Yokohama", "latitude": 35.4437078, "longitude": 139.6380256, "country": "Japan"}]