{ "_id" : { "$oid" : "551668dbeb88341eb801f2d0" }, "Publisher" : "Prentice Hall", "ISBN" : "132126958", "Author" : "Andrew Tanenbaum", "Price" : 129.79, "Title" : "Computer Networks", "Shipping" : { "Weight (lb)" : 2.9, "Dimension (in)" : { "Width" : 6.6, "Depth" : 1.5, "Height" : 9.199999999999999 } }, "Edition" : "5", "Year" : "2010", "Type" : "Book", "Pages" : 960 }
{ "_id" : { "$oid" : "551668dbeb88341eb801f2d1" }, "Publisher" : "Prentice Hall", "ISBN" : "6092003106", "Author" : [ "Brian Kernigan", " Dennis Ritchie" ], "Price" : 52.89, "Title" : "The C Programming Language", "Shipping" : { "Weight (lb)" : 1, "Dimension (in)" : { "Width" : 6.9, "Depth" : 0.7, "Height" : 9.1 } }, "Edition" : "2", "Year" : "1988", "Type" : "Book", "Pages" : 272 }
{ "_id" : { "$oid" : "551668dbeb88341eb801f2d2" }, "Classification" : "PG-13", "Title" : "Inception", "Price" : { "Buy" : 9.99, "Rent" : 2.99 }, "Director" : "Christopher Nolan", "Cast" : [ "Leonardo DiCaprio", "Joseph Gordon-Levitt" ], "Year" : "2010", "Genre" : [ "Drama", "Action", "Science Fiction" ], "Type" : "Movie", "Length (min)" : 148 }
{ "_id" : { "$oid" : "551668dbeb88341eb801f2d3" }, "Album" : { "Certification" : "22xPlatinium", "Title" : "21" }, "Producer" : [ "Adele", "Dan Wilson" ], "Artist" : "Adele", "Price" : 1.99, "Title" : "Someone Like You", "Label" : "XL", "ReleaseDate" : "2011-01-24", "Length" : "4:47", "Genre" : [ "Pop", "Soul" ], "Type" : "Song" }
{ "_id" : { "$oid" : "551668dbeb88341eb801f2d4" }, "Publisher" : "Pearson", "ISBN" : "032182573X", "Author" : "Peter Tanenbaum", "Price" : 153.16, "Title" : "Excursions in Modern Mathematics", "Shipping" : { "Weight (lb)" : 3.2, "Dimension (in)" : { "Width" : 8.800000000000001, "Depth" : 1.1, "Height" : 10.9 } }, "Edition" : "8", "Year" : "2012", "Type" : "Book", "Pages" : 608 }
{ "_id" : { "$oid" : "551668dbeb88341eb801f2d5" }, "Album" : { "Certification" : "43xPlatinium", "Title" : "Thriller" }, "Producer" : [ "Michael Jackson", "Quincy Jones" ], "Artist" : "Michael Jackson", "Price" : 0.99, "Title" : "Billie Jean", "Label" : "Epic", "ReleaseDate" : "1983-01-02", "Length" : "4:53", "Genre" : [ "Pop", "Rock", "Disco", "R&B" ], "Type" : "Song" }
{ "_id" : { "$oid" : "551668dbeb88341eb801f2d6" }, "Album" : { "Certification" : "23xPlatinium", "Title" : "The Dark Side of the Moon" }, "Producer" : "Pink Floyd", "Artist" : "Pink Floyd", "Price" : 0.99, "Title" : "Speak to Me", "Label" : "Harvest", "ReleaseDate" : "1973-03-01", "Length" : "1:07", "Genre" : [ "Alternative Rock", "Progressive Rock" ], "Type" : "Song" }
{ "_id" : { "$oid" : "551668dbeb88341eb801f2d7" }, "Album" : { "Certification" : "27xPlatinium", "Title" : "The Bodyguard" }, "Producer" : "David Foster", "Artist" : "Whitney Houston", "Price" : 1.49, "Title" : "I Will Always Love You", "Label" : "Arista", "ReleaseDate" : "1992-11-03", "Length" : "4:33", "Genre" : [ "Pop", "R&B" ], "Type" : "Song" }
{ "_id" : { "$oid" : "551668dbeb88341eb801f2d8" }, "Publisher" : "Manning Publications", "ISBN" : "1617290343", "Author" : [ "Nathan Marz", " James Warren" ], "Price" : 34, "Title" : "Big Data: Principles and best practices of scalable realtime data systems", "Edition" : "1", "Year" : "2015", "Type" : "Book", "Pages" : 425 }
{ "_id" : { "$oid" : "551668dbeb88341eb801f2d9" }, "Album" : { "Certification" : "26xPlatinium", "Title" : "Back in Black" }, "Producer" : "Robert Lange", "Artist" : "AC/DC", "Price" : 1.49, "Title" : "Back in Black", "Label" : "Atlantic", "ReleaseDate" : "1980-07-25", "Length" : "4:15", "Genre" : "Hard Rock", "Type" : "Song" }
{ "_id" : { "$oid" : "551668dbeb88341eb801f2da" }, "Publisher" : "Crown Business", "ISBN" : "385347405", "Author" : [ "Brent Schlender", " Rick Tetzeli" ], "Price" : 18, "Title" : "Becoming Steve Jobs", "Shipping" : { "Weight (lb)" : 1.5, "Dimension (in)" : { "Width" : 6.4, "Depth" : 1.5, "Height" : 9.5 } }, "Edition" : "1", "Year" : "2015", "Type" : "Book", "Pages" : 496 }
{ "_id" : { "$oid" : "551668dbeb88341eb801f2db" }, "Classification" : "R", "Title" : "Superbad", "Price" : { "Buy" : 9.99, "Rent" : 2.99 }, "Director" : "Greg Mottola", "Cast" : [ "Jonah Hill", "Michael Cera" ], "Year" : "2007", "Genre" : "Comedy", "Type" : "Movie", "Length (min)" : 113 }
{ "_id" : { "$oid" : "551668dbeb88341eb801f2dc" }, "Title" : "Dracula", "Price" : { "Buy" : 9.99, "Rent" : 3.99 }, "Director" : "Tod Browning", "Cast" : [ "Bela Lugosi", "Helen Chandler" ], "Year" : "1931", "Genre" : [ "Classics", "Horror" ], "Type" : "Movie", "Length (min)" : 75 }
{ "_id" : { "$oid" : "551668dbeb88341eb801f2dd" }, "Classification" : "R", "Title" : "Psycho", "Price" : { "Buy" : 9.99, "Rent" : 3.99 }, "Director" : "Alfred Hitchcock", "Cast" : [ "Anthony Perkins", "Janet Leigh" ], "Year" : "1960", "Genre" : [ "Horror", "Suspense", "Classics" ], "Type" : "Movie", "Length (min)" : 109 }
{ "_id" : { "$oid" : "551668dbeb88341eb801f2de" }, "Classification" : "R", "Title" : "The Shawshank Redemption", "Price" : { "Buy" : 9.99, "Rent" : 3.99 }, "Director" : "Frank Darabont", "Cast" : [ "Tim Robbins", "Morgan Freeman" ], "Year" : "1994", "Genre" : "Drama", "Type" : "Movie", "Length (min)" : 142 }
{ "_id" : { "$oid" : "551668dbeb88341eb801f2df" }, "Producer" : [ "Matt Row", "Richard Stannard" ], "Artist" : "Spice Girls", "Price" : 0.99, "Title" : "2 Becomes 1", "Label" : "Virgin", "ReleaseDate" : "1996-12-16", "Length" : "4:00", "Genre" : "Pop", "Type" : "Song" }
{ "_id" : { "$oid" : "551668dbeb88341eb801f2e0" }, "Publisher" : "Prentice Hall", "ISBN" : "013359162X", "Author" : [ "Andrew Tanenbaum", " Herbert Bos" ], "Price" : 153.09, "Title" : "Modern Operating Systems", "Shipping" : { "Weight (lb)" : 3, "Dimension (in)" : { "Width" : 7.1, "Depth" : 1.6, "Height" : 9.1 } }, "Edition" : "4", "Year" : "2014", "Type" : "Book", "Pages" : 1136 }
{ "_id" : { "$oid" : "551668dbeb88341eb801f2e1" }, "Publisher" : "O'Reilly", "ISBN" : "1449361327", "Author" : [ "Foster Provost ", "Tom Fawcett" ], "Price" : 37.99, "Title" : "Data Science for Business", "Shipping" : { "Weight (lb)" : 1.5, "Dimension (in)" : { "Width" : 7, "Depth" : 0.9, "Height" : 9.199999999999999 } }, "Edition" : "1", "Year" : "2013", "Type" : "Book", "Pages" : 414 }
{ "_id" : { "$oid" : "551668dbeb88341eb801f2e2" }, "Album" : { "Certification" : "20xPlatinium", "Title" : "Metallica" }, "Producer" : [ "Bob Rock", "James Hetfield", "Lars Ulrich" ], "Artist" : "Metallica", "Price" : 1.49, "Title" : "Enter Sandman", "Label" : "Elektra", "ReleaseDate" : "1991-07-29", "Length" : "5:32", "Genre" : [ "Heavy Metal", "Thrash Metal" ], "Type" : "Song" }
{ "_id" : { "$oid" : "551668dbeb88341eb801f2e3" }, "Publisher" : "Addison-Wesley", "ISBN" : "321349806", "Author" : [ "Ken Arnold", " James Gosling" ], "Price" : 53.69, "Title" : "The Java Programming Language", "Shipping" : { "Weight (lb)" : 3, "Dimension (in)" : { "Width" : 7.4, "Depth" : 1.2, "Height" : 9.199999999999999 } }, "Edition" : "4", "Year" : "2005", "Type" : "Book", "Pages" : 928 }
{ "_id" : { "$oid" : "551668dbeb88341eb801f2e4" }, "Album" : { "Certification" : "17xPlatinium", "Title" : "Nevermind" }, "Producer" : "Butch Vig", "Artist" : "Nirvana", "Price" : 0.99, "Title" : "Smells Like Teen Spirit", "Label" : "DGC", "ReleaseDate" : "1991-09-10", "Length" : "4:30", "Genre" : [ "Grunge", "Alternative Rock" ], "Type" : "Song" }
{ "_id" : { "$oid" : "551668dbeb88341eb801f2e5" }, "Classification" : "PG-13", "Title" : "Forest Gump", "Price" : { "Buy" : 10.99, "Rent" : 3.99 }, "Director" : "Robert Zemeckis", "Cast" : [ "Tom Hanks", "Robin Wright" ], "Year" : "1994", "Genre" : [ "Romance", "Comedy" ], "Type" : "Movie", "Length (min)" : 142 }
{ "_id" : { "$oid" : "551668dbeb88341eb801f2e6" }, "Album" : { "Certification" : "22xPlatinium", "Title" : "1" }, "Producer" : "George Martin", "Artist" : "The Beatles", "Price" : 1.99, "Title" : "Yesterday", "Label" : "Apple", "ReleaseDate" : "2000-11-13", "Length" : "2:03", "Genre" : [ "Pop", "Rock" ], "Type" : "Song" }
{ "_id" : { "$oid" : "551668dbeb88341eb801f2e7" }, "Classification" : "PG-13", "Title" : "The Dark Knight", "Price" : { "Buy" : 12.99, "Rent" : 3.99 }, "Director" : "Christopher Nolan", "Cast" : [ "Christian Bale", "Heath Ledger", "Morgan Freeman" ], "Year" : "2008", "Genre" : [ "Drama", "Action", "Science Fiction" ], "Type" : "Movie", "Length (min)" : 152 }
{ "_id" : { "$oid" : "551668dbeb88341eb801f2e8" }, "Classification" : "R", "Title" : "Kill Bill", "Price" : { "Buy" : 9.99, "Rent" : 2.99 }, "Director" : "Quentin Tarantino", "Cast" : [ "Uma Thurman", "Lucy Liu" ], "Year" : "2003", "Genre" : [ "Action", "Thriller", "Suspense" ], "Type" : "Movie", "Length (min)" : 111 }
{ "_id" : { "$oid" : "551668dbeb88341eb801f2e9" }, "Producer" : "Babyface", "Artist" : [ "Mariah Carey", "Whitney Houston" ], "Price" : 1.99, "Title" : "When You Believe", "Label" : "DreamWorks", "ReleaseDate" : "1998-11-02", "Length" : "5:01", "Genre" : [ "Pop", "Soul", "R&B" ], "Type" : "Song" }
{ "_id" : { "$oid" : "551668dbeb88341eb801f2ea" }, "Publisher" : "Addison Wesley", "ISBN" : "321500245", "Author" : "Mario Triola", "Price" : 28.99, "Title" : "Elementary Statistics", "Shipping" : { "Weight (lb)" : 4.7, "Dimension (in)" : { "Width" : 8.5, "Depth" : 1.4, "Height" : 11.2 } }, "Edition" : "11", "Year" : "2009", "Type" : "Book", "Pages" : 896 }
{ "_id" : { "$oid" : "551668dbeb88341eb801f2eb" }, "Publisher" : "O'Reilly", "ISBN" : "1449319793", "Author" : "Wes Mckinney", "Price" : 27.68, "Title" : "Python for Data Analysis", "Shipping" : { "Weight (lb)" : 1.8, "Dimension (in)" : { "Width" : 7, "Depth" : 0.9, "Height" : 9.199999999999999 } }, "Edition" : "1", "Year" : "2012", "Type" : "Book", "Pages" : 466 }
{ "_id" : { "$oid" : "551668dbeb88341eb801f2ec" }, "Classification" : "MA-15", "Title" : "No Country for Old Men", "Price" : { "Buy" : 7.99, "Rent" : 3.99 }, "Director" : [ "Joel Coen", "Ethan Coen" ], "Cast" : [ "Tommy Lee Jones", "Javier Bardem" ], "Year" : "2008", "Genre" : [ "Drama", "Suspense" ], "Type" : "Movie", "Length (min)" : 122 }
{ "_id" : { "$oid" : "551668dbeb88341eb801f2ed" }, "Classification" : "M", "Title" : "Titanic", "Price" : { "Buy" : 17.99, "Rent" : 2.99 }, "Director" : "James Cameron", "Cast" : [ "Leonardo DiCaprio", "Kate Winslet" ], "Year" : "1997", "Genre" : "Romance", "Type" : "Movie", "Length (min)" : 194 }
