icecream,chocolate,bread,coffee,tea,milk,apple,chicken
milk,bread,icecream,chocolate,coffee,tea,apple,chicken
milk,bread,chocolate,coffee,tea
chocolate,icecream,milk
tea,coffee,chicken
coffee,tea,milk,chicken
beer,milk,chicken,bread
milk,bread,icecream
coffee,bread,tea,apple
apple,milk,chicken
bread,milk
chicken,bread,beer,milk
diaper,beer,milk,tea,coffee,apple
diaper,apple,bread
tea,coffee,milk,bread,apple,chocolate,chicken
bread,chocolate
apple,bread,chicken,milk,beer,diaper,tea
coffee,bread,milk,icecream,chocolate
tea,coffee,milk,bread
apple,milk,chicken,icecream,beer,coffee,tea
diaper,milk,beer,tea
icecream,coffee
chicken,beer,apple
icecream,chocolate
coffee,tea,apple,chicken,bread,beer,milk
diaper,beer,chicken,apple,milk,bread,icecream
diaper,beer,chicken,bread
bread,icecream,apple,milk,chicken
tea,coffee,milk,bread,apple,chicken,icecream
chicken,bread,beer,coffee,milk,tea,apple
tea,milk,coffee
chicken,icecream,beer,milk
milk,bread,coffee,tea,apple
apple,chocolate
milk,bread,apple,chicken,beer
icecream,milk,chocolate,coffee,bread,tea,apple
apple,bread,chicken,milk,beer,tea,coffee
apple,milk,chicken,bread,icecream
apple,bread,chocolate,icecream,milk,coffee,tea
bread,milk,apple,chicken,icecream,beer,diaper
milk,icecream,chocolate,coffee,bread,tea,apple
chocolate,milk
tea,coffee,milk,bread,apple
coffee,bread,tea,chicken
icecream,chocolate
apple,milk,bread,chicken,beer,coffee
tea,coffee,chicken,milk,apple,bread
icecream,milk,chocolate
diaper,beer,coffee,tea,apple
icecream,milk,coffee,tea,apple,chicken,bread,chocolate
bread,milk,chicken,beer,apple,chocolate,icecream,coffee
coffee,bread,tea,chicken,icecream,milk,chocolate
chicken,icecream,apple,milk,bread,chocolate,coffee
milk,bread,coffee,tea,apple,chicken,icecream
tea,milk,chicken,bread,beer,diaper,apple,chocolate
tea,coffee,chicken,apple
milk,bread,apple,chicken,icecream,beer,diaper
chocolate,milk,icecream,coffee,tea,apple,chicken
chicken,beer,apple,bread,chocolate
icecream,milk,chocolate
chocolate,milk,icecream,coffee,tea,apple
apple,bread,chicken,milk,icecream,chocolate,coffee
tea,coffee,chicken
tea,coffee,chicken,bread,beer,milk,diaper,apple
diaper,beer,apple,milk,bread,chicken,icecream
coffee,milk,tea,apple,chicken,icecream,beer,bread
beer,coffee,tea,apple,chicken
bread,milk,chicken
beer,milk,bread,apple,chicken
coffee,milk,tea,apple
tea,chicken,milk,bread,icecream,apple,chocolate
chicken,icecream,apple,milk
chicken,milk,apple,bread,chocolate
apple,bread,chicken,icecream,beer
chicken,apple,milk,chocolate,bread
beer,bread,chicken,milk,icecream,chocolate,coffee
chicken,milk,icecream,chocolate,coffee
icecream,chocolate,milk,coffee,tea
beer,coffee,chicken,apple,chocolate,icecream,milk,bread
diaper,beer,bread
apple,milk,bread,chocolate
milk,bread,chocolate,chicken
diaper,milk,beer
coffee,milk,bread
coffee,milk,tea,apple,bread,chicken,beer
chicken,beer,bread,tea,coffee,milk
tea,coffee
icecream,chocolate
chicken,icecream,beer,bread,tea,coffee,milk
apple,milk,chicken,bread,beer
chicken,milk
bread,chocolate,icecream,milk,apple,chicken,beer
chicken,beer,apple,bread,milk,chocolate,coffee,tea
chocolate,icecream,coffee,tea,apple
bread,icecream,chicken,beer,apple,chocolate,milk
tea,coffee,milk,bread,chocolate
milk,bread,icecream,chicken
diaper,beer,chicken,apple
milk,coffee,apple,bread,chicken,beer,diaper,tea
chicken,milk
